original_id,Name,Entity Group ID,Entity Category,Entity Subgroup ID
36,"Chronic & Associates, Inc.",Firm,,
45,Daniels Foothills Exchange,Firm,,
117,PEI Services,Firm,,
2659,"Mech-Masters, Inc.",Firm,,Contractor
2660,Base Constructors,Firm,,Builder
2663,"Western Specialty Structures, LLC",Firm,,Builder
2668,Top Drawer Development,Firm,,Builder
2676,Southwind Builders LLC,Firm,,Builder
2708,"Alloway Electric Co., Inc.",Firm,,Contractor
2710,"Buss Mechanical Services, Inc.",Firm,,Contractor
2711,Carlon Heating & Air LLC,Firm,,Contractor
2712,Lee Electric,Firm,,Contractor
3050,Mustafa Pajazetovic Electrical,Individual,,Contractor
3051,Brian Knott Electrical,Individual,,Contractor
3053,Tim LaMott Mechanical,Individual,,Contractor
3054,David Stephenson Plumbing,Individual,,Contractor
3055,Jon VanVleet Plumbing,Individual,,Contractor
3079,U Save Excavation,Firm,Construction - Excavating,Contractor
3080,M & B Electric LLC,Firm,,Contractor
3081,"Kahala Electric, LLC",Firm,,Contractor
3082,"Ray's Heating, Plumbing, Electric Inc",Firm,,Contractor
3083,Irish Electric,Firm,,Contractor
3112,"Upper Country Electric, Inc",Firm,,Contractor
3113,Gram Electric,Firm,,Contractor
3114,Current Electric Company,Firm,,Contractor
3115,J.V. Electric,Firm,,Contractor
3116,Solid Rock Electric,Firm,,Contractor
3122,D & A Enterprises,Firm,,Contractor
3123,Owyhee Heating & Air Conditioning,Firm,,Contractor
3124,Universal Heating & Air Conditioning LLC,Firm,,Contractor
3125,Two Beers Electric,Firm,,Contractor
3216,"Elektra Services, LLC",Firm,,Contractor
3219,"L2 Excavation, LLC",Firm,Construction - Excavating,Contractor
3220,Controlled Comfort Heating and Cooling LLC,Firm,,Contractor
3221,"R & D Plumbing, Inc.",Firm,,Contractor
3222,"Acres Enterprise, LLC",Firm,,Contractor
3256,"H 2 Electrical, Inc.",Firm,,Contractor
3258,"Northwest Technologies, Inc.",Firm,,Contractor
3259,American Mechanical Corporation,Firm,,Contractor
3260,M & M Electric LLC,Firm,,Contractor
3261,"Lott Electric, Inc.",Firm,,Contractor
3297,Alternative Energy Solutions,Firm,,Contractor
3299,Amped Electric LLC,Firm,,Contractor
3300,Architectural Metalworks,Firm,Architectural,Architect
3301,Baker's Plumbing Solutions L.L.C.,Firm,,Contractor
3379,Clark's HVAC,Firm,,Contractor
3380,"Coelho Plumbing Service, Inc.",Firm,,Contractor
3381,Coltrin Electric,Firm,,Contractor
3403,Bryson Mechanical Heating & Air Conditioning,Firm,,Contractor
3405,Cornerstone Electric,Firm,,Contractor
3511,M. Moody's Plumbing Service,Firm,,Contractor
3512,Mackey Electric,Firm,,Contractor
3513,"Magee's Plumbing, Inc.",Firm,,Contractor
3514,Majestic Heating and Cooling LLC,Firm,,Contractor
3515,"Maple Tree Holdings, LLC",Firm,,Contractor
3516,Markham Services,Firm,,Contractor
3517,Martell Electric,Firm,,Contractor
3518,"Marsh Creek, LLC",Firm,,Contractor
3521,"Mayfield Landscaping, Inc.",Firm,,Contractor
3522,MB Services LLC,Firm,,Contractor
3715,McFate Heating,Firm,,Contractor
3717,Rim View LLC,Firm,,Contractor
3719,Eagle Landscape LLC,Firm,Landscape,Contractor
3720,"Easy Landscaping, LLC",Firm,,Contractor
3721,Economy Heating and Air Conditioning LLC,Firm,,Contractor
3795,C & R Services,Firm,,Contractor
3797,Caledonia Properties LLC,Firm,,Contractor
3798,"Capitol Landscape, Inc.",Firm,Landscape,Contractor
3799,"Celtic Building Company, LLC",Firm,,Contractor
3800,Centimark Corporation,Firm,,Contractor
4008,"Terravita Landscape & Gardening, Inc.",Firm,Landscape,Contractor
4009,Westwood Sprinklers and Landscaping LLC,Firm,,Contractor
4011,"Mercy In Action Vineyard, Inc.",Firm,,Contractor
4012,Meridian Joint School District Number 2,Agency,School,Public Agency
4013,Beal Corporation,Firm,,Contractor
4080,Real Electric Signs,Firm,,Contractor
4081,"C & S Excavation, Inc.",Firm,Construction - Excavating,Contractor
4082,Evolution Plumbing LLC.,Firm,,Contractor
4083,"Freedom Contractors, Inc.",Firm,,Contractor
4120,"ID Solar 1, LLC",Firm,,Energy
4122,Diamond Roofing,Firm,,Contractor
4123,"F & F Distributors, Inc.",Firm,,Contractor
4124,Fillmore Custom Builders,Firm,,Contractor
4148,Ad Electrical LLC,Firm,,Contractor
4150,"Boise Metal Works, Inc.",Firm,,Contractor
4155,"Boise Mode, LLC",Firm,,Contractor
4156,"Bowman's, Inc. of Mountain Home",Firm,,Contractor
4247,"Gayle Manufacturing Co., Inc.",Firm,,Contractor
4248,"St. Luke's Regional Medical Center, LTD.",Firm,,Contractor
4251,Aclara Technologies LLC,Firm,,Contractor
4253,Aqua-Tech Lawn Sprinklers,Firm,,Contractor
4254,"Aurora Power & Design, Inc.",Firm,,Contractor
4545,Jacob's Heating & Cooling & Sheetmetal Fabrication Incorporated,Firm,,Contractor
4546,A&A Demolition Company,Firm,,Contractor
4547,"A1 Affordable Appliance Repair, Inc.",Firm,,Contractor
4549,"Cedar Pro, Inc.",Firm,,Contractor
4862,St Luke's Boise Medical Center,Firm,,Contractor
4864,Atwood's Heating and Cooling,Firm,,Contractor
4866,Brighton Studio Inc.,Firm,,Contractor
4867,CM Electric,Firm,,Contractor
5084,"Alpha Lighting, Electric & Sound, Inc.",Firm,,Contractor
5087,"Pulse Electric and Controls, LLC",Firm,,Contractor
5089,Pacific Backflow LLC,Firm,,Contractor
5090,Lewis Corporation,Firm,,Contractor
5169,Sprinklers Unlimited,Firm,,Contractor
5171,Special T Plumbing,Firm,,Contractor
5173,S.O.S. Rooter,Firm,,Contractor
5174,Home Designs Carpentry LLC,Firm,,Contractor
6010,Three Seasons Sprinkler Service,Firm,,Contractor
6012,Total Exterior,Firm,,Contractor
6014,"Treasure Valley Rock and Stucco, LLC",Firm,,Contractor
6018,Valley Glass Inc.,Firm,,Contractor
6156,"S & S Electric, LLC",Firm,,Contractor
6158,Sawtooth Custom Carpentry,Firm,,Contractor
6160,Seven Oaks Sprinkler & Landscape L.L.C.,Firm,,Contractor
6161,South Mountain Plumbing,Firm,,Contractor
6176,Three Rivers Landscape,Firm,,Contractor
6181,"Treasure Valley Solar Energy, LLC",Firm,,Contractor
6183,"Turf's Up, LLC",Firm,,Contractor
6194,Albinson Landscape & Design,Firm,,Contractor
6196,All-Tech Electric,Firm,,Contractor
6199,Allstate Plumbing,Firm,,Contractor
6200,American Builders Siding & Supply,Firm,,Contractor
6507,"Asphalt Driveways and Patching, Inc.",Firm,,Contractor
6509,Back 2 Black Sealcoat and Striping Inc,Firm,,Contractor
6510,Bar 7 LLC,Firm,,Contractor
6512,"Big Sky Communication & Cable, Inc.",Firm,,Contractor
6850,A.T.S. Sprinklers,Firm,,Contractor
6851,Doug's Electric,Firm,,Contractor
6853,Elumbaugh Electrical Contracting,Firm,,Contractor
6854,Emerald Electric,Firm,,Contractor
7264,FTF Media LLC,Firm,Media,Contractor
7265,"Front Street Brokers, LLC",Firm,RE - Residential,Contractor
7266,Future Techs R/E,Firm,Other,Contractor
7267,G and T Realty,Firm,RE - Residential,Contractor
7268,Balt LLC,Firm,,Contractor
8382,Graham-Gilbert Ditch,FIrmj,,
8962,"North End Neighborhood Association, Inc. (The)",Firm,,Contractor
9177,"Spectrum Wireless Solutions, LLC",Firm,,Contractor
9178,Idapro Services Corporation,Firm,,Contractor
9180,Prime Plumbing LLC,Firm,,Contractor
9181,Babichenko LLC,Firm,,Contractor
9182,"H & H Siding, Inc.",Firm,,Contractor
10093,,Firm,,Unknown
11599,"Partner Produce, Inc.",Firm,,Surveyor
11600,Helena Chemical Company,Firm,,Sanitation
11601,"Damaur Enterprises, Inc",Firm,,Unknown
11602,"Middle Star, LLC",Firm,,Unknown
11603,Crown Industrial ,Firm,,Manufacturing
11907,Avista Corporation,Firm,,
11934,NATIONAL MORTGAGE COMPANY,Firm,,
11997,Espresso Experience,Firm,,
12045,Kim's Haircuts,Firm,,
12292,"Bond Bros. & Co., Ltd.",Firm,,
12590,Engineering System Solutions,Firm,,
12971,Treasure Valley Pole Barn and Concrete LLC,Firm,,
12973,Vision Enterprises LLC,Firm,,
12974,Zeek Electric LLC.,Firm,,
12975,Trusted Heating & Air LLC,Firm,,
12977,"Guardian Bonding Company, LLC",Firm,,
12978,H & H Electric,Firm,,
12979,House Idaho L.L.C.,Firm,,
12980,J Electric LLC,Firm,,
12981,Spruce Home and Design Co. LLC,Firm,,
12982,Same Day Home Services Limited Liability Company,Firm,,
12983,"Rocky Mountain Granite & Tile, Inc.",Firm,,
12984,Right Now Plumbing,Firm,,
12985,RAYO Landscape LLC,Firm,,
12986,Pursuit Restoration LLC,Firm,,
12987,NW Extreme Installers Inc.,Firm,,
12988,Nacho Landscaping LLC,Firm,,
12989,Mitchell Inventions LLC,Firm,,
12990,"Method Mechanical, LLC",Firm,,
12991,McFate's LLC,Firm,,
12992,Les Bois Interior Design LLC,Firm,,
12993,DeNovo Design and Renovation LLC,Firm,,
12994,"Corona Landscape, LLC",Firm,,
12995,Royce Finish Works,Firm,,
12996,Craftsman Home Improvement LLC,Firm,,
12999,All-Pro Refinishing LLC,Firm,,
13001,Concrete Flatworks Incorporated,Firm,,
13002,Convergint Technologies LLC,Firm,,
13003,Creighton Contracting LLC,Firm,,
13004,"Customcraft, LLC",Firm,,
13005,Cutting Edge Services LLC,Firm,,
13006,Delta Electric LLC,Firm,,
13008,Enso Carpentry And Remodeling LLC,Firm,,
13009,"Flatiron Development, LLC",Firm,,
13010,"Fundamental Alarm Designs, LLC",Firm,,
13011,Houseworks Building Co. LLC,Firm,,
13012,Idaho Grading and Trucking LLC,Firm,,
13013,Jack Frost Company LLC,Firm,,
13014,JJ custom plumbing LLC,Firm,,
13016,Lost River Design & Remodeling,Firm,,
13017,"Magic Electric, Plumbing, Heating & Air",Firm,,
13018,"McAlvain Concrete, Inc.",Firm,,
13019,"McKinstry Co., LLC",Firm,,
13020,Patrick Sevy Handyman & Services LLC,Firm,,
13021,Phoenix Remodeling LLC,Firm,,
13022,Phil's Electric Electrical Contractor LLC,Firm,,
13023,"Pick Electric, Inc.",Firm,,
13026,Silver Tree Plumbing LLC,Firm,,
13027,"Sloan Security Group, Inc",Firm,,
13028,"Stark Landscape, Inc.",Firm,,
13029,"Summit Properties, LLC",Firm,,
13032,U & L LANDSCAPING LLC,Firm,,
13033,Valley Roofing and Maintenance LLC,Firm,,
13034,"Veca Electric & Technologies, LLC",Firm,,
13036,"Agricultural Services, Inc.",Firm,,
13037,"Denver Commercial Builders, Inc.",Firm,,
13038,NVent Thermal LLC,Firm,,
13040,"Commercial Glass, Inc.",Firm,,
13041,"Brainwood Creative, LLC",Firm,,
13043,"North Star Farms, LLC",Firm,,
13044,"Terra View, LLC",Firm,,
13046,Full Sail Real Estate,,,
13048,HomeCU,,,
13051,Lott Bean LLC,Firm,,
13053,"Millhorn Farms, Inc.",,,
13054,LCE ,,,
13055,"Comore Development, Inc.",Firm,,
13057,Knife River Corporation - Mountain West,Firm,,
13060,C4 Structures LLC,Firm,,
13061,"Criterion Trailers, LLC",Firm,,
13063,Five & Co. Design + Build L.L.C.,Firm,,
13064,"GW Building, LLC",Firm,,
13066,Liberty Solar Power Inc.,Firm,,
13068,Pool & Spa by Cesar LLC,Firm,,
13069,Traditions Company LLC,Firm,,
13070,"ACS Electrical Service, Inc.",Firm,,
13071,ACT Heating and Cooling,Firm,,
13072,AIR Heating and Cooling,Firm,,
13073,DML Services of Idaho LLC,Firm,,
13075,Air Now Heating& Cooling,Firm,,
13076,"Hemlock Developers, LLC",Firm,,
13077,Impact Coating & Blasting,Firm,,
13079,Merit General Contractors LLC,Firm,,
13080,NWESTCO LLC,Firm,,
13081,Overhaulin Idaho LLC,Firm,,
13083,Realty Repair LLC,Firm,,
13085,"Rhino Metals, Inc.",Firm,,
13086,River Valley Woodworks,Firm,,
13087,River Valley Woodworks LLC,Firm,,
13088,Rocky Mountain Design Build,Firm,,
13089,Solid Gold LLC,Firm,,
13090,"Taylor-Morgan, Inc.",Firm,,
13091,Terry Reilly Health Services,Firm,,
13092,"Wildcat Electric, LLC",Firm,,
13094,Idaho Heating LLC,Firm,,
13095,James Square Dev LLC,Firm,,
13101,AllScapes Landscape Services LLC,,,
13106,"TVC, INC.",Firm,,
13110,FCI Group Inc (The),Firm,,
13111,Greenberg & Company,,,
13114,My Company,,,
13117,My Big Co,,,
13121,Riverhawk Properties LLC,Firm,,
13125,"Sundance Partners, LLC",Firm,,
13127,Cushman & Wakefield Commerce Real Estate Solutions,Firm,,
13132,Catalyst Group,,,
13142,LPD,,,
13146,"James Ray, Inc.",Firm,,
13152,We Know Boise,,,
13156,Marque 5,,,
13157,"Wickel Land Company, LLP",Firm,,
13160,XYZ,,,
13161,Valley Wide Cooperative,Firm,,
13162,Service Experts Heating & Air Conditioning,Firm,,
13163,Home Heating and Air Conditioning Inc. Boise,Firm,,
13164,1A Heating and Cooling Specialty LCC,Firm,,
13184,Dry Thumb Properties LLC,Firm,,
13206,"Pivots Plus, LLC.",Firm,,
13210,"Cannon Farmhouse, LLC",Firm,,
13212,"First Class Framing, LLC",Firm,,
13214,"Legacy Craft, LLC",Firm,,
13219,Avid Plumbing LLC,Firm,,
13221,DC,,,
13223,RightHome,,,
13244,"Associated Consulting and Design Engineers, PLLC",Firm,,
13248,"Ameritel Inns, Inc.",Firm,,
13249,Prime Time Auctions Inc.,Firm,,
13253,"HEDCO, Inc.",Firm,,
13258,"HRE Development, LLC",Firm,,
13259,"HRN Investments I, LLC",Firm,,
13269,Contos & Associates,,,
13272,North End Development LLC,,,
13274,Beatty's Steel Fabrication LLC,,,
13275,GHD,,,
13277,Epic Realty,,,
13280,Davis,,,
13282,Bailey Ventures LLC,,,
13294,Stone Castle Consulting,,,
13296,Jones & Company Flavorings,,,
13300,MYCO,,,
13302,"Crow Bear Enterprises, LLC",,,
13312,Ellaventures,,,
13315,"Story Real Estate Advisors, LLC",,,
13318,LSW,,,
13319,Sweet Group Realty LLC,,,
13330,Ryan Smith,,,
13337,"JKIM Group, Inc.",,,
13349,Terrace Falls Development Co,,,
13362,RMES,Firm,,
13363,Republic Storage,,,
13366,Marketing Boss Inc,,,
13376,TVHI,,,
13378,Deliberate Directions,,,
13381,"Ahlin Investment Company, LLC",Firm,,
13382,Alcorn Design Build Inc,Firm,,
13383,Valley Roofing,Firm,,
13392,"Boise Inspection Services, LLC",Firm,,
13394,"Elite Group Inspections, Inc.",Firm,,
13395,Idaho Elite Inspection Team LLC,Firm,,
13398,Inspecting Boise LLC,Firm,,
13400,Five Star Home Services,Firm,,
13401,"Complete Check Inspections, LLC",Firm,,
13402,Nielsen Inspection Services,Firm,,
13404,"Springs Inspections, LLC",Firm,,
13411,Grey Owl Property Inspections LLC,Firm,,
13423,Professional Inspection Services LLC,Firm,,
13426,"Peak Inspections, Inc.",Firm,,
13430,Amherst Madison,,,
13435,Presidential Inspections LLC,Firm,,
13436,WPE,,,
13437,Royal Inspection Company,Firm,,
13439,Dwell Inspect Idaho,Firm,,
13443,Intermountain Building Inspections Corp,Firm,,
13444,Benchmark Services,Firm,,
13449,DOWL HKM,Firm,,
13450,Dick's Property Service LLC,Firm,,
13451,"Water, Fire, Mold & Biohazard Services of Idaho, Inc.",Firm,,
13453,Ace Plumbing LLC,Firm,,
13454,Arrow Building Services,Firm,,
13455,"Canyon Creek Gardens, LLC",Firm,,
13456,Chambers Custom Woodworking,Firm,,
13459,Boglan Development LLC,Firm,,
13460,"Bring More General Traders USA, LLC",Firm,,
13461,Colosseum LLC,Firm,,
13468,Angstman Johnson,Firm,,
13470,"Belnap Legal, PLLC",Firm,,
13471,"Racine Olson, PLLP",Firm,,
13476,Givens Pursley,,,
13481,Realm Development Services Inc,Firm,,
13483,Comfort Expert Builders Inc,Firm,,
13485,"J Squared & the Funky Bunch, LLC",Firm,,
13486,Leatham Landscapes LLC,Firm,,
13487,"Mitchell Projects Group, LLC",Firm,,
13491,Dreamscapes Idaho LLC,Firm,,
13492,"Fire Engineering Company, Inc.",Firm,,
13493,Gomez Sprinklers Landscaping Maintenance LLC,Firm,,
13494,Idaho Underground - Boring and Excavation,Firm,,
13495,"Borton Law Offices, PLLC",Firm,,
13496,"Boise Law Firm, PLLC (The)",Firm,,
13497,Timber Creek Landscape LLC,Firm,,
13500,Vince Eason Plumbing,Firm,,
13502,"Elite Power Solutions, LLC",Firm,,
13503,"Galban Electric, LLC",Firm,,
13504,"Grant Mackay Company, Inc.",Firm,,
13505,Herron Aviation LLC,Firm,,
13506,"Innovative Air, Inc.",Firm,,
13508,Nostrum LLC,Firm,,
13509,"Pride Electrical Contractors, Inc.",Firm,,
13510,Professional Siding Installers LLC,Firm,,
13511,Sleepy Hollow Properties Caldwell LLC,Firm,,
13513,Triple T Electric,Firm,,
13514,Landmark Legal Group,Firm,,
13515,888 Investment Company LLC,Firm,,
13516,"AH Excavation, LLC",Firm,,
13517,"Authentic You Counseling Center, LLC",Firm,,
13518,"Banducci's Excavation, LLC",Firm,,
13520,Big Bear Solutions Inc,Firm,,
13521,"Boise Disaster Services, LLC",Firm,,
13522,Briggs Roofing Company,Firm,,
13523,C & C LLC,Firm,,
13526,C G CONSTRUCTION,Firm,,
13527,"Clark & Co. Real Estate, LLC",Firm,,
13528,Dans Electric LLC,Firm,,
13529,Digital Partners Group LLC,Firm,,
13530,Double A Plumbing and Excavation LLC,Firm,,
13531,Element Fencing LLC,Firm,,
13532,Freestone Electric LLC,Firm,,
13533,Home Service Pros LLC,Firm,,
13535,"Premier Interior Development, Inc.",Firm,,
13536,RD Electric LLC,Firm,,
13537,Red Rock Mechanical Inc,Firm,,
13538,Ross' Heating & Cooling,Firm,,
13541,Triple Five Electric,Firm,,
13542,Velocity Electrical Services,Firm,,
13543,Velocity Electrical Services L.L.C.,Firm,,
13544,arch-i-tect.com,,,
13545,"Sawtooth Law Offices, PLLC",Firm,,
13546,White Peterson,Firm,,
13547,"White, Peterson, Gigray & Nichols, P.A.",Firm,,
13548,Collins Law PLLC,Firm,,
13549,"Hamilton MIchaelson & Hilty, LLP",Firm,,
13550,Varin Thomas,Firm,,
13552,"Elam & Burke, Professional Association",Firm,,
13553,"Davison, Copple, Copple & Copple, L.L.P.",Firm,,
13556,Direct Inspections Corp,Firm,,
13558,"Inspection Protection, LLC",Firm,,
13561,Robertson Quality Inspections LLC,Firm,,
13563,"Vantage Point Inspections, LLC",Firm,,
13564,BB Inspections,Firm,,
13565,"KNK House Inspections, LLC",Firm,,
13566,"Capstone Professional Inspections, L.L.C.",Firm,,
13567,Premier Group (The),,,
13573,"Cornerstone Building & Design, LLC",,,
13576,Callaway,,,
13577,n/a,,,
13589,Valley Farm and Ranch Maintenance,Firm,,
13593,Roy's Roofing,Firm,,
13602,"Ironstone Builders, LLC",Firm,,
13605,Electric Authority,Firm,,
13620,T-N-HA Enterprise LLC,Firm,,
13632,14bypass,,,
13634,North Valleys G.P.S.,Firm,,
13638,Authority Crew LLC,Firm,,
13639,Brubaker Consulting LLC,Firm,,
13640,"BRS Field Ops, LLC",Firm,,
13641,CTA Plumbing 100 LLC,Firm,,
13642,"Foothills Mechanical, LLC",Firm,,
13643,HVAC Services,Firm,,
13644,"KOBE, LLC",Firm,,
13645,"Kore Refrigeration, LLC",Firm,,
13646,SD Property Services LLC,Firm,,
13647,Underdog Plumbing Company LLC,Firm,,
13650,ZIVI LLC,Firm,,
13651,Canyon Fire Protection LLC,Firm,,
13654,Dan's Pump and Filter LLC,Firm,,
13656,Lewis excavation inc,Firm,,
13658,Steady Earthworks LLC,Firm,,
13659,"Superior Water & Air, LLC",Firm,,
13660,"Thomas D. Robison Roofing, Inc.",Firm,,
13661,Those Guys,Firm,,
13662,Wired 4 Life LLC,Firm,,
13663,B4 Excavation & Trucking LLC,Firm,,
13664,"BLG Plumbing, LLC",Firm,,
13666,Burgess Pump and Supply,Firm,,
13667,Capital Roofing Pros LLC,Firm,,
13668,DRF Builders Inc,Firm,,
13669,EverTrue Construct LLC,Firm,,
13670,Express Heating & Air Conditioning,Firm,,
13671,"Franz Witte - McCall, L.L.C.",Firm,,
13672,Furnace King Inc.,Firm,,
13674,"IHS Builders, LLC",Firm,,
13675,"Lucky J Excavation, LLC",Firm,,
13676,"Material Handling Systems, Inc.",Firm,,
13677,MICON LLC.,Firm,,
13678,Monteleone Excavation Inc,Firm,,
13679,"Nowlan Enterprises, LLC",Firm,,
13680,Progressive Plumbing Service,Firm,,
13681,Sanders Electric LLC,Firm,,
13683,Southern Premier Roofing of North Carolina LLC,Firm,,
13684,"Sprout Energy, LLC",Firm,,
13688,High Desert Mapping,,,
13692,Guide Group (The),,,
13698,Venus ,,,
13704,C&S Wholesale,,,
13706,PMI,Firm,,
13708,Simonson Properties Inc,,,
13709,DigiMark LLC,,,
13712,United Architects of the Philippines,,,
13719,Eagle1 LLC,Firm,,
13722,BHR Group LLC,,,
13724,Anders & Co. LLC,Firm,,
13725,"Anderson Heating and Air, LLC",Firm,,
13726,BMB Services Inc.,Firm,,
13730,"A & H Solutions, Inc.",Firm,,
13731,"Aldape Sprinkler, Landscape and Home Services LLC.",Firm,,
13732,Colt Builders Corp.,Firm,,
13737,"Caldera Capital, LLC",Firm,,
13738,Fine Mechanical LLC,Firm,,
13739,Ideal Plumbing Service Inc,Firm,,
13740,Izzy's Service LLC,Firm,,
13742,Jays Pool and Spa limited liability company,Firm,,
13743,JD Electric LLC,Firm,,
13744,Lionheart LLC,Firm,,
13747,Optimum Electric LLC,Firm,,
13748,Pro Roofing Idaho LLC,Firm,,
13750,Tree City Design Build Renovate LLC,Firm,,
13751,Vision Builders of Idaho LLC.,Firm,,
13753,River Pools Boise LLC,Firm,,
13755,"208 Pools, LLC",Firm,,
13759,"Edmonds Framing, Inc.",Firm,,
13760,"Flamingo West, LLC",Firm,,
13761,Hill's Home Transformations LLC,Firm,,
13764,"RALOS, LLC",Firm,,
13766,River Valley Framing LLC,Firm,,
13769,"Travis Christensen Farms, LLC",Firm,,
13770,BTC Contractors LLC,Firm,,
13772,environmental mechanical,Firm,,
13773,James Rundle LLC,Firm,,
13774,MZM Ventures LLC,Firm,,
13775,Allure Interiors Inc,Firm,,
13781,"Werre Investments, Inc.",Firm,,
13785,Idaho Family Real Estate,,,
13793,"AGRC, LLC",Firm,,
13795,Amanda Ryan Designs LLC,Firm,,
13796,"Black Canyon Development, LLC",Firm,,
13797,Boise River Remodel LLC,Firm,,
13798,C&B Mechanical,Firm,,
13800,"Desert Springs, LLC",Firm,,
13801,Express Plumbing Heating & Air,Firm,,
13805,Royce Building Co LLC,Firm,,
13806,"SBA Network Services, LLC",Firm,,
13807,"Tier One Builders, LLC",Firm,,
13808,Turf Company (The),Firm,,
13809,Woodcrafters Plus,Firm,,
13812,"DAVACO of Idaho, LP",Firm,,
13813,"Deep Roots Building, LLC",Firm,,
13815,"Horizon PWR-SC, LLC",Firm,,
13817,"Kendrick Bros. Roofing, Inc.",Firm,,
13818,R & E Enterprises LLC,Firm,,
13819,S.T. Carpentry,Firm,,
13820,Urban Fence Company LLC,Firm,,
13826,Silvercreek Realty Group,,,
13827,"123HV, LLC",Firm,,
13829,"5th and Idaho Development, LLC",Firm,,
13830,A-1 Boundary County Appraisal Service,Firm,,
13832,Action Quality Printers,Firm,,
13833,"Active Office Furniture, Inc.",Firm,,
13834,"Advanced AMC, Inc.",Firm,,
13835,Advanced Benefits,Firm,,
13836,"Advantage Advertising, Inc.",Firm,,
13837,Appraisal One Inc.,Firm,,
13838,Appraisals of Idaho,Firm,,
13840,"AgEQUITY, LLC",Firm,,
13841,"Apex Property Management Solutions, LLC",Firm,,
13842,April Florczyk Real Estate,Firm,,
13844,Boudreau Architecture Design Studio,Firm,,
13845,American Pacific Mortgage,Firm,,
13846,"Butler Spink, LLP",Firm,,
13847,Carey Perkins,Firm,,
13854,Sundown Woodwork LLC,Firm,,
13855,"Thomas Dean & Hoskins, Inc.",Firm,,
13862,AFS Idaho LLC,,,
13863,"DG Group Architecture, PLLC",Firm,,
13864,"Garden City Mobile Estates, Inc.",Firm,,
13865,"Mill Creek Architecture, LLC",Firm,,
13866,Paige Excavation LLC,Firm,,
13867,"STUDIOMK, PLLC",Firm,,
13870,Lejeune Alliance (The),Firm,,
13872,Valley Land Surveying PLLC,Firm,,
13875,Aberdeen-Springfield Canal Company,Firm,,
13876,Alliance Canal Company,Firm,,
13879,Aspen Lakes Canal Company,Firm,,
13881,Bacon Valley Ditch Company,Firm,,
13882,Bannock Jim Slough Canal Company,Firm,,
13883,Base Line Canal Company,Firm,,
13885,Bear Trap Canal Company,Firm,,
13886,"Bee Line Water Association, Inc.",Firm,,
13891,Big Wood Canal Company,Firm,,
13893,"Bilbrey Ditch Company, Limited",Firm,,
13895,Blackfoot Younie Ditch Company,Firm,,
13896,"Blaine County Canal Company, Limited",Firm,,
13897,"Blanchard Cooperative Water Association, Inc.",Firm,,
13899,Boom Creek Canal Company,Firm,,
13902,Bruneau-Buckaroo Co-Operative Ditch Company,Firm,,
13903,Burgess Canal and Irrigating Company,Firm,,
13904,Butler Island Canal Company (The),Firm,,
13905,Butte and Market Lake Canal Company,Firm,,
13906,Cambridge Ditch Company,Firm,,
13907,"Canyon Creek Canal Company, Inc.",Firm,,
13908,"Canyon Ditch Company, Inc.",Firm,,
13909,Cedar Canal Company,Firm,,
13910,Cedar Mesa Reservoir and Canal Co.,Firm,,
13912,Cheapbeck Water Company,Firm,,
13913,"Cherry Grove Canal Company, Limited",Firm,,
13916,Chesterfield Canal and Reservoir Company,Firm,,
13918,Comeback Bay Water Association Inc,Firm,,
13919,Conant Creek Canal Company,Firm,,
13920,Consolidated Farmers Canal Company,Firm,,
13922,Washington Water Power,Firm,,
13924,Strive Commercial,,,
13926,Crane Creek Reservoir Administration Board,Firm,,
13927,Cub River Irrigation Company,Firm,,
13928,Curlew Irrigation and Reservoir Company,Firm,,
13929,"Curley Creek Water Association, Inc.",Firm,,
13930,"Deer Park Water Association, Inc.",Firm,,
13931,"Delmore Canal Company, Limited",Firm,,
13932,Dewey Canal Company,Firm,,
13933,"Dilts Irrigation Company, Limited",Firm,,
13934,Dingle Irrigation Company (The),Firm,,
13935,Draney Creek Canal Company LLC,Firm,,
13936,Dry Lake Canal Company (The),Firm,,
13937,Eagle Creek Irrigation Company,Firm,,
13938,"East Fork Ditch Company, Ltd.",Firm,,
13939,East Side Ditch Company,Firm,,
13941,Eastern Idaho Water Company,Firm,,
13942,"Easy Livin' Acres Water Association, Inc.",Firm,,
13943,"Egin Bench Canals, Inc.",Firm,,
13944,"Emerald Estates Water Association, Inc.",Firm,,
13945,Enterprise Ditch Company (The),Firm,,
13946,"Enterprize Canal Company, Ltd. (The)",Firm,,
13947,Eureka Ditch Company (The),Firm,,
13948,Eureka Water Company (The),Firm,,
13949,Fairview Lateral Canal Company,Firm,,
13951,"Farmers Co-Operative Irrigation Company, Limited",Firm,,
13952,Fish Creek Irrigation Company,Firm,,
13953,Fish Haven Water Users Company (The),Firm,,
13954,"Fox Creek Canal Company, Incorporated",Firm,,
13955,Franklin Ditch Company,Firm,,
13957,"Garden Creek Irrigation Company, Inc.",Firm,,
13958,"Garden Water Company, Limited",Firm,,
13959,"Garfield-Ucon Canal Company, Inc.",Firm,,
13960,Georgetown Irrigation Company (The),Firm,,
13961,"Gini Ditch Company, Inc.",Firm,,
13962,Glencoe Irrigation Company,Firm,,
13969,Inland Empire Paper Company,Firm,,
13972,TRASK Group LLC,,,
13975,Nasland Engineering PC,,,
13977,Kessel Real Estate LLC,,,
14001,Idaho Statesman (The),,,
14003,Wolford Legacy Investments LLC,,,
14004,KED Properties LLC,,,
14025,West Ada,,,
14031,HulkFlow,,,
14041,Treasure Valley Gems,,,
14045,Wildehare,,,
14053,Kats,,,
14054,Ark,,,
14056,S W R Enterprises,,,
14062,Realnvest,,,
14066,Red Tail,,,
14067,Boise State,,,
14076,Green Mountain Resources and Planning LLC,,,
14080,Fig Laguna Farms LLLC,,,
14084,ABC trial,,,
14086,"Advanced Electrical Systems, Inc.",Firm,,
14089,Idaho Lighting & Electric LLC,Firm,,
14091,SolarWholesale LLC,Firm,,
14094,"Prestige Contracting, Inc.",Firm,,
14095,Pioneer Plumbing and Drain LLC,Firm,,
14097,"Little Rock Appraisals, Inc.",,,
14100,Hearne Commercial,,,
14102,Raintree,,,
14103,Fuzzy Pawz Rescue Inc,,,
14104,Kelly Kitchen's Realty,,,
14111,Equidebt LLLP,,,
14115,Bybee's Handyman Services,Firm,,
14116,Castle Home Works,Firm,,
14117,"Evergreen Architecture, P.L.L.C.",Firm,,
14120,"Wolfe Building and Development, LLC",Firm,,
14121,"AL Collaborative Architecture, PA",Firm,,
14125,JCH Enterprises LLC,Firm,,
14126,Maple Creek Renovations LLC,Firm,,
14128,"Valle Development, LLC",Firm,,
14130,SCS Development LLC,,,
14131,Bespoke Holdings Company,,,
14135,AAF,,,
14138,Woodbridge Pacific Group,,,
14139,Perk Prop Commercial,,,
14140,Intrepid,,,
14143,Coome Convention Services,,,
14151,LHC Idaho LLC,,,
14155,USA Land Guy,,,
14156,Take 3 LLC,,,
14157,ADT Commercial LLC,Firm,,
14159,AJL Electric LLC,Firm,,
14160,All Valley Fireplace LLC,Firm,,
14162,American Design Roofing LLC,Firm,,
14164,"Atlas Heating and Air, LLC",Firm,,
14165,"Beacon Plumbing & Mechanical, Inc.",Firm,,
14166,BP Holdings Idaho LLC,Firm,,
14167,"Cheney Energy, Inc.",Firm,,
14168,Christian Brothers Hvac llc,Firm,,
14169,Coit's Electric LLC,Firm,,
14170,"Cransten, Inc.",Firm,,
14171,Crow Electric LLC,Firm,,
14172,Custom Gas Piping L.L.C.,Firm,,
14173,Epic Mechanical LLC,Firm,,
14174,Excel Investments LLC,Firm,,
14175,"Freedom Forever Idaho, LLC",Firm,,
14177,"Garner Electric Washington, LLC",Firm,,
14178,HomePro Services LLC,Firm,,
14179,Honey Badger HVAC LLC,Firm,,
14180,Idaho Home Builders,Firm,,
14181,Idahome Improvements,Firm,,
14182,Idahome Improvement Solutions LLC,Firm,,
14183,JB Landscape Maintenance,Firm,,
14185,Nick The Handyman LLC,Firm,,
14188,"Perigee Group, LLC",Firm,,
14189,"Pierce Contracting, LLC",Firm,,
14190,Precision pools,Firm,,
14191,Precision Pool & Spa,Firm,,
14192,Rahn Services LLC,Firm,,
14193,Reams Enterprises Inc.,Firm,,
14194,"Recreation Today of Idaho, LLC",Firm,,
14197,"Tartan Electric, LLC",Firm,,
14199,TNK Enterprise,Firm,,
14200,TML Commercial Services,Firm,,
14201,"Total Home Services, LLC",Firm,,
14206,Handyman Repairs llc,Firm,,
14207,"Heritage Woodworks, LLC",Firm,,
14211,"Leighton Enterprises, Inc.",Firm,,
14212,"MetalMan, Inc.",Firm,,
14213,Swaggart Wood Properties LLC,Firm,,
14214,Tersieff Architects,Firm,,
14218,"A & D Contractors, LLC",Firm,,
14223,208 Outdoor Living LLC,Firm,,
14227,"Williams Industrial & Marine, Incorporated",Firm,,
14228,Clearwater Home Services L.L.C.,Firm,,
14229,RED TRUCK RESTORATION INC.,Firm,,
14230,Spartan Electric LLC.,Firm,,
14231,CTA Plumbing 100,Firm,,
14232,"Hawkline Builders, LLC",Firm,,
14234,ABC Mechanical Inc,Firm,,
14235,Crather Enterprises LLC,Firm,,
14236,"Doeppel Premier Properties, Idaho, LLC",Firm,,
14237,Isert Electric LLC,Firm,,
14238,"J and M Care Management, LLC",Firm,,
14239,"Legacy Telecommunications, LLC",Firm,,
14240,Lost River HVAC LLC,Firm,,
14241,Rahn Electrical Services,Firm,,
14243,True Crown Development LLC,Firm,,
14244,Unlimited Solutions Landscaping LLC,Firm,,
14248,"EDC53, LLC",,,
14252,Kinterra Property Group LLC,,,
14254,Winston and Associates,,,
14256,Brass Ring Realty,,,
14262,Bennu Digital Labs,,,
14264,"T-O Engineers, LLC",,,
14268,"Open Range Field Services, LLC",Firm,,
14269,"Treasure Valley Real Estate Guild, Silvercreek",,,
14270,"Galena Opportunity, Inc.",,,
14273,Rennison Engineering,Firm,,
14275,Knight Real Estate LLC,,,
14277,Breaking Ground Real Estate Services LLC,,,
14279,Hokanson Enterprises LLC,Firm,,
14292,Bridgepoint Church,,,
14300,Bureau of Reclamation,,,
14301,Corcoran Creative Services,,,
14303,WPS,,,
14306,"Gastaldi Farms, L.L.C.",Firm,,
14308,"McColl Law Office, PLLC",,,
14309,Lindgren Labrie Architecture,,,
14310,Karas Realty at Keller Williams Realty Boise,,,
14312,Stadium View Center,,,
14316,"PrimeStreet Real Estate, LLC",,,
14319,"Matraex, Inc.",,,
14320,Super Distros,,,
14321,"Restored Community Church, Inc.",,,
14324,"Three Olives Design, LLC",Firm,,
14326,"Madeira Innovations, LLC",Firm,,
14327,"Artisan Builds, LLC",Firm,,
14328,Bravo Roofing LLC,Firm,,
14330,Diamond Investment Relations L.L.C.,Firm,,
14333,Extreme Framing LLC,Firm,,
14334,Hardcore sheet metal LLC,Firm,,
14335,Haven Idaho LLC,Firm,,
14336,Higgins Home Services L.L.C.,Firm,,
14338,"Kramer Built, LLC",Firm,,
14339,Legacy Roofing LLC,Firm,,
14340,"Marvel Electric, LLC",Firm,,
14345,Robertson Building Company LLC,Firm,,
14346,"Taylor'd Services, LLC",Firm,,
14347,Timmy's Tile & Paint,Firm,,
14348,"SLC Properties, LLC",Firm,,
14349,Blue Diamond Customs LLC,Firm,,
14350,BP Plumbing LLC,Firm,,
14352,"Carroll's Electric, Inc.",Firm,,
14353,"Centurion Industries, Inc.",Firm,,
14354,City of trees building company LLC,Firm,,
14355,"Council Valley Electric, LLC",Firm,,
14356,Everson Plumbing Inc,Firm,,
14357,Prestige HVAC LLC,Firm,,
14358,PTR Unlimited LLC,Firm,,
14360,Sunshine Design,Firm,,
14361,Sunshine Design & Build LLC,Firm,,
14363,"Boise Earthworks, Inc.",Firm,,
14364,"Element Electrical Service, LLC",Firm,,
14365,Foxhound Home Services,Firm,,
14366,GenBuCo LLC,Firm,,
14367,Innovative Mechanical Solutions,Firm,,
14368,Daily Fire Protection LLC,Firm,,
14369,FULCRUM CONSTRUCTION INC.,Firm,,
14371,Innovative Repairs and Restorations LLC,Firm,,
14374,Larson Mechanical LLC,Firm,,
14375,Mountain Time Plumbing LLC,Firm,,
14376,MRS Landholdings LLC,Firm,,
14378,RK LLC,Firm,,
14381,Lee and Associates,,,
14382,Lammons Land Surveying LLC,Firm,,
14383,March Capital Management,,,
14384,Gayle Chapman,,,
14385,Global Land Works LLC,Firm,,
14386,"S&F Land Services, LLC",Firm,,
14387,Gardner Energy,Firm,,
14393,Coldwell Banker Tomlinson & Associates,,,
14399,"WheelHouzz Group, LLC",,,
14404,"Stone Design Group, LLC",Firm,,
14405,Superior Pools LLC,Firm,,
14406,"Western Wallboard Systems, Inc",Firm,,
14407,Poulsen & Company,,,
14408,IRR - Boise,,,
14410,"Trigline, PLLC",,,
14414,N and M Farming LLC,,,
14416,Western Fence & Landscape,,,
14418,Michelle Tiner Real Estate,,,
14420,CCBS4U LLC,,,
14421,Great Outdoors Landscape and Maintenance,,,
14438,Cedar Creek Wealth,,,
14446,CBRE ,,,
14447,"TJN Development, LLC",,,
14448,Realty Quest,,,
14449,Lemp Real Estate LLC,,,
14455,"Western Real Property, LLC",,,
14458,"Innovative Housing Solutions, LLC",,,
14460,"Tracey Kester Real Estate, LLC",,,
14461,Dinius Law,,,
14468,"Hun Group, LLC (The)",,,
14469,Venture Title & Escrow Company,,,
14474,"JST Properties, LLC",Firm,,
14477,"AF Roofing, Inc",Firm,,
14478,DK Constructors LLC,Firm,,
14481,"Ridgestone Constructors, LLC",Firm,,
14489,A&A Remodeling,Firm,,
14492,"CJ Brass Contracting, LLC",Firm,,
14493,DarkStar Electric LLC,Firm,,
14495,Everything Air Heating and Cooling LLC,Firm,,
14506,Conger Group,Firm,,
14515,Dr. Drey Consulting L.L.C.,,,
14517,"Ironcreek, LLC",Firm,,
14520,"Southwest Land Surveying, Inc.",,,
14522,Amherst Madison Real Estate Advisors,,,
14524,"Elite Enterprise Group, LLC",Firm,,
14528,River Rock Builders,Firm,,
14529,My House,,,
14531,"L3 CONSTRUCTION, INC.",Firm,,
14532,"North End Contractors, Inc.",Firm,,
14533,nu Arc builders LLC,Firm,,
14540,KrisTest,,,
14543,Realty One Group Professionals,,,
14545,Maxon Real Estate/exp Realty,,,
14547,RJM Advisors,,,
14550,"NW Land Planning & Consulting, LLC",,,
14551,Bully Excavation LLC,Firm,,
14556,Plenium Builders Inc.,Firm,,
14562,Constructora M.E.S. LLC,Firm,,
14563,Banner Park LLC,Firm,,
14564,La Colina Apartments LLC,Firm,,
14565,"10 Mile Franklin, LLC",Firm,,
14566,Antonov Star Holding LLC,Firm,,
14569,"Urban, LLC",Firm,,
14570,Arroyo Indio Farm LLC,Firm,,
14571,"Sierra Vista Properties, Inc.",Firm,,
14572,"M & T Ranches, LLC",Firm,,
14573,Bunker Development LLC,Firm,,
14574,"DRP ID 1, LLC",Firm,,
14576,Crist Home Services LLC.,Firm,,
14579,Group DF,,,
14580,iLandMan,,,
14582,JD Planning & Consulting LLC,,,
14583,Spud Dirt LLC,,,
14584,CC Chase LLC,Firm,,
14588,Vision Remodeling Company LLC,Firm,,
14589,"SRG Holdings, LLC",Firm,,
14590,Cantlon Holdings LLC,Firm,,
14592,"Keller Family Properties, LLLP",Firm,,
14594,Powerhouse Exteriors LLC,Firm,,
14595,Sky Power Arizona LLC,Firm,,
14596,Floating Feather T & Me LLC,Firm,,
14598,"Hillside Architecture, PLLC",Firm,,
14600,DO Fund (The),,,
14602,"White Barn Real Estate, Inc",,,
14603,Thistle Farm LLC,Firm,,
14604,"Arroyo Cap II-2, LLC",Firm,,
14606,"Cavea, LLC",Firm,,
14607,"Slichter Ugrin Architecture, Inc.",,,
14609,Landmark Pacific Development Inc.,Firm,,
14610,"AC3 Properties, LLC",Firm,,
14611,"Summertown, LLC",Firm,,
14613,Fathom Realty,,,
14614,Tradition Capital Partners,,,
14616,"Zion Ventures, LLC",Firm,,
14617,"Beacon Crossing, LLC",Firm,,
14619,"Blue Max Consulting, LLC",Firm,,
14620,Standard Restoration LLC,Firm,,
14622,Colcap,,,
14623,Kurt F. Orban,,,
14624,Capital Growth Buchalter,,,
14625,Polaris Land Holdings LLC,Firm,,
14627,"Falcon One Saturn, LLC",Firm,,
14628,"Langtree Bungalows, LLC",Firm,,
14629,"Cutting Edge Real Estate, LLC",Firm,,
14630,"Timberland Development Partners, LLC",Firm,,
14631,Standard Properties LLC,Firm,,
14632,"7th & Franklin RMC, LLC",Firm,,
14633,Meadowdale Investments LLC,Firm,,
14634,Unger Enterprises LLC,Firm,,
14635,"Waterford Properties, LLC",Firm,,
14637,Foreman Excavation LLC,Firm,,
14638,"Mountain Companies, LLC",Firm,,
14639,"E-CON Solutions, LLC",Firm,,
14640,Premium Solutions LLC,Firm,,
14642,Jacobs Engineering Group,,,
14643,ACCOMPLICE,Firm,,
14647,Space ,,,
14652,Impact General Contractor LLC,Firm,,
14657,Baron Ten Mile LLC,Firm,,
14658,NOBLE ROCK DEVELOPMENT INC,Firm,,
14659,DWT Investments LLC,Firm,,
14661,"Keen Development, LLC",Firm,,
14662,Freezeout Partners LLC,Firm,,
14664,Tri Peak Realty,,,
14669,Wenkebach II Limited Liability Limited Partnership,Firm,,
14670,"Yellow Brick Road properties, LLC",Firm,,
14671,MM&T Holdings LLC,Firm,,
14672,North 44 Idaho LLC,Firm,,
14673,"BT Development, LLC",Firm,,
14674,"Falcon Crest Club Partners, LLC",Firm,,
14675,"Falcon Crest, LLC",Firm,,
14676,Smith & Coelho,,,
14678,"Mustang Crossing Eagle, LLC",Firm,,
14679,"GWC Capital, LLC",Firm,,
14680,"Rocket Holdings, LLC",Firm,,
14681,Idaho MC LLC,Firm,,
14682,SCS Investments LLC,Firm,,
14683,Walsh Group,,,
14684,High Mountain Metal LLC,,,
14686,Land Surveying,,,
14687,CCE Design Associates Inc,,,
14689,"RORHRO Ventures, LLC",,,
14690,"Arch, PLLC",,,
14691,"Responsible Real Estate, Inc.",,,
14692,Homeworks,,,
14694,"West Beacon Light, LLC",Firm,,
14697,"GG19, LLC",Firm,,
14698,GreenBelt Renovations LLC.,Firm,,
14699,Crew General Contractors Inc.,Firm,,
14700,HMA Contracting and Electrical,Firm,,
14702,"Balboa Ventures, LLC",Firm,,
14705,"COPPER FEATHER DESIGN, LLC",Firm,,
14706,"Nalin Enterprises & Contracting, Inc.",Firm,,
14708,Gaia Earthsmithing LLC,Firm,,
14713,"CC Contractors, LLC",Firm,,
14719,ProTech Contracting LLC,Firm,,
14720,Shurtleff Brothers LLC,Firm,,
14723,Biltmore,Firm,,
14724,"Gravitas Real Estate Holdings, LLC",Firm,,
14725,Karcher Farm LLC,Firm,,
14726,Borman LLC,Firm,,
14727,"Mortensen Land, Inc.",Firm,,
14728,One Good Turn,,,
14729,MC Design House,,,
14731,"Frame and Smetana, P.A.",,,
14732,Miller Home Improvements and Properties LLC,Firm,,
14736,Good News Realty Group LLC,,,
14743,BPS Franklin Road LLC,Firm,,
14744,Moose Money Investments,,,
14746,"Canyon Data, Inc.",,,
14751,Hundoble Real Estate,,,
14753,G20 LLC,Firm,,
14754,SS Karcher Limited Liability Company,Firm,,
14757,Karen Sufficool,,,
14761,"SimpLEE  Home, LLC",,,
14767,DD,,,
14768,"IAG Middleton 109, LLC",Firm,,
14769,"ENCORE LEKEITIO VILLAGE, LLC",Firm,,
14771,"Northside Logistics Center, LLC",Firm,,
14773,"Madison 20 Owner, LLC",Firm,,
14775,Yellowstone Capital LLC,Firm,,
14776,Avest Limited Partnership,Firm,,
14783,Freeman Builders Inc,Firm,,
14784,702 Commercial Group,,,
14786,Integra Realty Resources,,,
14787,"C5 Development Group, LLC",Firm,,
14788,Cornerstone Custom Spaces LLC,Firm,,
14789,Kestrel Realty Group,,,
14790,KW Realty,,,
14795,"CK Property Group, LLC",Firm,,
14796,"2801 Palouse, LLC",Firm,,
14797,Boise Basin Development LLC,Firm,,
14798,Jarrett Architecture LLC,Firm,,
14799,Smith Properties,Firm,,
14803,Six Point Development ,,,
14805,"Medici Hills, LLC",Firm,,
14806,"Gemshore Eagle RE, LLC",Firm,,
14807,"STC Development, LLC",Firm,,
14808,"Meridian Movado Village Investors, LP",Firm,,
14810,5727 Hill LLC,Firm,,
14812,MJV Properties LLC,Firm,,
14813,Gerard Investments LLC,Firm,,
14814,D&N Investments LLC,Firm,,
14815,Value Land LLC,Firm,,
14817,6794 SH44 LLC,Firm,,
14818,"Kal Pacific & Associates, Inc.",Firm,,
14819,"Lofthus Group, LLC.",Firm,,
14821,"Blue Star Properties, L.C.",Firm,,
14824,King Gates Builders LLC,Firm,,
14826,"MCW Enterprises, LLC",Firm,,
14829,10206 West State Street LLC,Firm,,
14830,"Greendale Grove Properties, LLC",Firm,,
14832,Infinity Investments,Firm,,
14833,"High Desert Development Linder Village, LLC",Firm,,
14838,"Roosevelt Star, LLC",Firm,,
14839,Lansing Farms LLC,Firm,,
14840,"Rental Property Holdings, LLC",Firm,,
14841,Eagle River Development LLC,Firm,,
14842,Mace1 LLC,Firm,,
14843,"Aztec Development, Inc.",Firm,,
14845,Big Box Outlet Store,Firm,,
14846,"Brian Garrett Architecture and Design, PLLC",Firm,,
14847,"Century Development Group, LLC",Firm,,
14849,"Draper Properties, LLC",Firm,,
14850,Dumont Industries LLC,Firm,,
14852,Harris Landscape Contractors LLC,Firm,,
14853,Idahome Energy LLC,Firm,,
14858,Logos Architecture PLLC,Firm,,
14860,"Management Associates, LLC",Firm,,
14864,"MM Properties - Thompson Road, LLC",Firm,,
14865,"Momentum Architecture, Inc.",Firm,,
14866,"Norbryhn Investment Group, LLC",Firm,,
14867,"RSP Architects, Ltd.",Firm,,
14868,Splashtastic Custom Pools LLC,Firm,,
14870,Vine Estates Investments LLC,Firm,,
14873,West Mountain builders,Firm,,
14874,5M LLC,Firm,,
14876,Sun Valley Surveying,,,
14877,"Hotel Developers - Meridian HIX, LLC",Firm,,
14880,"Soo Young Properties, LLC",Firm,,
14881,"Heartland Kuna, LLC",Firm,,
14882,"M3 ID Rising Sun, LLC",Firm,,
14883,Folio 82 LLC,Firm,,
14885,Bear River Real Estate LLC,Firm,,
14886,"Iron Clad Inspections, LLC",,,
14888,Cervidae LLC,,,
14893,American Rooter & Drain,Firm,,
14895,Idahome Dream Builders LLC,Firm,,
14897,"Clayton Properties Group, Inc.",Firm,,
14898,Holland Electric LLC,Firm,,
14900,Ben Built LLC,Firm,,
14901,Mike of all Trades LLC,Firm,,
14902,"CHAMPION INSTALLS, INC.",Firm,,
14903,Paradise Patio LLC,Firm,,
14905,HDP Sellwood LLC,Firm,,
14906,DS Property Mgmt,,,
14911,Immersion Development Idaho LLC,Firm,,
14912,"Performance Plumbing, Heating and Air",Firm,,
14913,"Right Now Heating, Cooling & Plumbing, LLC",Firm,,
14918,Cairo Storage,,,
14920,Aerie Terraces LLC,Firm,,
14921,"Meridian Investments, LLC",Firm,,
14922,"Opus Development, LLC",Firm,,
14924,Strickland Stone LLC,Firm,,
14925,"Summit Partners, LLC",Firm,,
14926,Idahome Solar LLC,Firm,,
14927,K&R Electric LLC,Firm,,
14929,AllStrokes Golf LLC,Firm,,
14930,Fervent Real Estate,Firm,,
14931,Building Enclosure Workshop LLC,Firm,,
14932,"Lumio HX, Inc.",Firm,,
14933,Spartan Renovations LLC,Firm,,
14934,"Advanced Cable Technology, LLC",Firm,,
14936,"Caprice Estates, L.L.C.",Firm,,
14937,Classic Heating,Firm,,
14939,"Commerce Mechanical, LLC",Firm,,
14947,Novae LLC,Firm,,
14948,C & E Commercial Property Services LLC,Firm,,
14950,HRG,,,
14956,"Landrum & Brown, Incorporated",Firm,,
14957,"Landrum and Associates, Inc.",Firm,,
14959,Prestige Plumbing Services LLC,Firm,,
14964,"KHLeavitt Surveying, PLLC",Firm,,
14965,"Horizon Development, LLC",Firm,,
14968,Merrick & Company,,,
14970,H & L Real Estate Company LLC,,,
14976,Components Plus LLC,Firm,,
14979,Lost River Properties L.L.C.,Firm,,
14981,Matrix Electric Co LLC,Firm,,
14982,Odin Fire Protection LLC,Firm,,
14983,Penta Electric Incorporated,Firm,,
14985,Pure Design Build Remodel,Firm,,
14986,Radcon Industries Inc,Firm,,
14988,Trevino Building Inc,Firm,,
14989,Van Dorn Turpen LLC,Firm,,
14990,Willbeck LLC,Firm,,
14991,"Yanke Energy, Inc.",Firm,,
14994,TenX and Company LLC.,Firm,,
15000,CY Solutions LLC,Firm,,
15001,Ideal Exteriors L.L.C.,Firm,,
15003,Dreamworx Renovations LLC,Firm,,
15004,Eagle Electric & Lighting LLC,Firm,,
15005,High Desert Home Improvements and Handyman Services LLC,Firm,,
15008,Recon Roofing & Solar LLC,Firm,,
15009,"Solgen Power, LLC",Firm,,
15010,"Strategic Builders, LLC",Firm,,
15013,"Arizona Solar Solutions, Inc.",Firm,,
15014,"Fluent Solar, LLC",Firm,,
15018,"Restart, LLC",Firm,,
15019,"Supply Way Park, LLC",Firm,,
15020,Mark H. Johns Real Estate,,,
15021,"Boise Views, LLC",Firm,,
15022,Sub Zero - CAL,,,
15026,mrd renovations,Firm,,
15028,"Kum & Go, L.C.",Firm,,
15029,"Barghausen Consulting Engineers, Inc.",Firm,,
15030,CASCO Diversified Corporation,Firm,,
15031,Black Box VR,Firm,,
15032,Honeedo This n' That LLC,Firm,,
15033,Base Jiu Jitsu (The),Firm,,
15036,Accurate Measures,Firm,,
15037,H2 Development Group LLC,,,
15039,Russell Miller Properties,,,
15040,Stolfo Real Estate,,,
15041,NXB Geo,,,
15044,gtst,,,
15045,"Total Brand Management, LLC.",Firm,,
15046,Valley Wide Electric Inc.,Firm,,
15048,"Heglar Creek Electric, LLC",Firm,,
15049,Wagner Remodel & Repair LLC,Firm,,
15052,Golden Group Investments LLC,Firm,,
15054,"Industrial Maintenance Company, LLC",Firm,,
15055,JPM Demolition LLC,Firm,,
15056,"Mastec Network Solutions, LLC",Firm,,
15057,"Restore Idaho, LLC",Firm,,
15058,"Affordable Property Services, LLC",Firm,,
15060,Proactive Plumbing,Firm,,
15061,Sotelo's Roofing LLC,Firm,,
15062,Idaho Plumbing Services,Firm,,
15063,Electric Now LLC,Firm,,
15064,River Run Plumbing LLC,Firm,,
15065,Todd's Handyman Services,Firm,,
15066,TP Plumbing LLC,Firm,,
15067,Wilson Electric Services Corp.,Firm,,
15068,Hydro Plumbing LLC,Firm,,
15069,"If Signs, LLC",Firm,,
15071,Bronco Fire Protection,Firm,,
15074,"Pleasant Valley Land Holdings, LLC",Firm,,
15075,C10 Investments LLC,Firm,,
15077,WH Star 203 LLC,Firm,,
15078,Plumb Fence Inc,Firm,,
15079,Realwood,Firm,,
15080,Silver Star Communications,,,
15083,"Three Brothers, L.L.C.",Firm,,
15084,CH Electric LLC,Firm,,
15085,EELLS Excavation LLC,Firm,,
15087,South Framing LLC,Firm,,
15088,SPC LLC,Firm,,
15090,"Garrett Ranches, Inc.",Firm,,
15091,Modern Remodeling LLC,Firm,,
15096,Five Star Electric Inc.,Firm,,
15097,HG Concrete LLC,Firm,,
15098,Premier Building Solutions LLC,Firm,,
15099,Designer Flooring & Home Improvement LLC,Firm,,
15102,"Bunnell Realty, LLC",,,
15103,Showcase Home Improvements LLC.,Firm,,
15105,Belvedere LC,Firm,,
15106,"Merlin Pointe, LLC",Firm,,
15107,"Heath Property Company, LLC",Firm,,
15110,Dioptra,,,
15112,"Comfort Solutions, LLC",Firm,,
15123,U.S. Environmental Protection Agency,,,
15125,"AG EHC II (LEN) Multi State 2, LLC",Firm,,
15127,WH Eagle 80 LLC,Firm,,
15128,"Lost River, LLC",Firm,,
15129,BPS Palmer Lane LLC,Firm,,
15132,Certified Electric LLC,Firm,,
15135,Sawtooth Home Improvements LLC,Firm,,
15136,"Capitol Corporate Services, Inc.",Firm,,
15137,"Synergy Corporate Services, LLC",Firm,,
15148,43 North Land Survey,,,
15149,"Raymond Management Company, Inc.",Firm,,
15150,"Colliers Engineering & Design, Inc.",Firm,,
15152,Jayo Holdings LLC,Firm,,
15154,"High Canyon Ranchlands 1, LLC",Firm,,
15156,36 Anderson LLC,Firm,,
15158,Solid Frame,,,
15159,Triple Dot Development LLC,Firm,,
15161,"Pisa Land Holding, LLC",Firm,,
15162,Tami Brown Realtor,,,
15163,"Autumngold Senior Services, Inc.",Firm,,
15164,"Treasure Valley Planning, LLC",Firm,,
15165,"Advocates Against Family Violence, Inc.",Firm,,
15166,Land Architect LLC (The),Firm,,
15167,edynamic,,,
15170,"Reed Street Development II, LLC",Firm,,
15171,"TKM Architecture, LLC",Firm,,
15175,Goldman Ryden REIS,,,
15176,TD&H Engineering,,,
15178,WSP USA,,,
15179,Life Time,,,
15182,Bristlecone Land Use Consulting LLC,,,
15183,Basque Ranches,,,
15184,LP,,,
15187,"Meridian Technical Charter High School, Inc.",,,
15188,"Nested Development, LLC",,,
15189,"Epic Land Solutions, Inc.",,,
15190,NCG Services LLC,,,
15193,Triple Crown Investments LLC,Firm,,
15194,BHEG Milestone Ranch LLC,Firm,,
15195,"GHW Holdings, LLC",Firm,,
15196,Brighton Ustick LLC,Firm,,
15198,Five Nine Design Group,,,
15199,MM,,,
15201,Offer Now Idaho LLC,Firm,,
15202,"M3 ID FALCON CREST, LLC",Firm,,
15204,"Phillips Land Surveying, PLLC",Firm,,
15205,Enclosure LLC,Firm,,
15208,Wilson Landing LLC,Firm,,
15210,Hawley Troxell Ennis & Hawley,,,
15211,Hawley Troxell,,,
15213,HTEH,,,
15214,Little Feather Ranch,Firm,,
15215,Little Feather Ranch L.L.C.,Firm,,
15216,Paradigm ,,,
15217,Innovation Residential,,,
15219,Apricot Solar ,,,
15221,CCC Ranch ,,,
15222,"All Pride Electric, LLC",Firm,,
15223,All Seasons Lawn Care LLC,Firm,,
15224,Amco American Roofing Co,Firm,,
15225,Araujo Heating and Cooling LLC,Firm,,
15226,Aston Home Services LLC,Firm,,
15227,Astronaut Plumbing,Firm,,
15228,BC Landscaping LLC,Firm,,
15229,Black Sheep Drywall LLC,Firm,,
15230,"BT Contractors, LLC",Firm,,
15231,Bushland LLC,Firm,,
15232,"Central Cove Electric, LLC",Firm,,
15235,Idaho All Electric,Firm,,
15236,DC DirtWorx LLC,Firm,,
15238,FFF Protection LLC,Firm,,
15239,"Gem State Home Group, LLC",Firm,,
15243,"Linkus Enterprises, LLC",Firm,,
15244,Luxury Lawn Care LLC,Firm,,
15245,MC Excavation LLC,Firm,,
15246,Morgan family plumbing,Firm,,
15247,NLCC LLC,Firm,,
15248,Plan B Plumbing LLC,Firm,,
15249,PlumbingBoss LLC,Firm,,
15250,Quick Restore LLC,Firm,,
15251,"Retail Fixture Solutions, Inc.",Firm,,
15252,Ridgeview Heating and Air Conditioning,Firm,,
15253,Rim Creek LLC,Firm,,
15255,Straightline Carpentry LLC,Firm,,
15256,Three Forks LLC,Firm,,
15257,Byers Mechanical,Firm,,
15260,Hilltop Excavation,Firm,,
15265,Alpha Excavation LLC,Firm,,
15266,"Belfor Environmental, Inc.",Firm,,
15267,"Blue Moon Contracting, LLC",Firm,,
15269,Fidelis Water Conditioning LLC,Firm,,
15271,"Image Tech, LLC",Firm,,
15272,NCR Builders,Firm,,
15273,NIco Development Inc,Firm,,
15275,Powell Building & Remodel Inc.,Firm,,
15276,Reyes Landscaping LLC,Firm,,
15277,"Roofing Remains, LLC",Firm,,
15279,Sawtooth Fence LLC,Firm,,
15280,"Stanley Electric, LLC",Firm,,
15281,Valhalla Roofing LLC,Firm,,
15282,"Wize Solutions, LLC",Firm,,
15285,"Guerdon, LLC",,,
15287,Magnify Land Consulting LLC,,,
15289,Kenaston Corporation,Firm,,
15292,American Dream Renovations Corporation,Firm,,
15293,"Consurco, Inc.",Firm,,
15294,Simply Elegant home remodeling LLC,Firm,,
15295,Steadfast Builders LLC,Firm,,
15296,"True Blue Enterprises, LLC",Firm,,
15297,"Coal Creek Consulting, LLC",Firm,,
15299,Innovative Solutions Inc.,Firm,,
15302,Providence Holdings LLC,,,
15303,Wilko Customs LLC,Firm,,
15305,"SPEK 155, LLC",Firm,,
15307,Platinum Pool Builders LLC,Firm,,
15308,Capstone Carpentry,Firm,,
15310,Elevation Home Solutions LLC,Firm,,
15313,Vertex Restore & Remodel INC,Firm,,
15316,"Coronado Development, LLC",Firm,,
15318,"Whisper Creek Investments, LLC.",Firm,,
15319,"Johnson May, PLLC",,,
15320,Galena-Benchmark Engineering,,,
15329,Quality Contractors LLC,,,
15330,orion,,,
15332,EY,,,
15334,All Year Round LLC,,,
15335,Valnova,,,
15336,Leverage General LLC,,,
15337,HMH LLC,,,
15339,Bailey Engineering,,,
15345,High Lakes LLC,Firm,,
15347,"Lynx Investments, LLLP",Firm,,
15349,"Alliance Serving Kuna, Inc.",Firm,,
15350,Idaho B2R 53 LLC,Firm,,
15351,Raintree Investment Corporation,Firm,,
15352,Left Right Center LLC,Firm,,
15353,"AG Land & Development, LLC",Firm,,
15355,"Star River Development, LLC",Firm,,
15356,"GLAR Industries, Inc.",Firm,,
15357,Freedom Acres LLC,Firm,,
15358,"Copium Investments, LLC",Firm,,
15359,Blue Terra Development LLC,Firm,,
15361,"Latitude Land Surveying, LLC",,,
15362,DRAFTECH,Firm,,
15364,"Wasatch Surveying Associates, LLC",Firm,,
15367,"Lakeshore Estates, LLC",Firm,,
15368,"LWD Development, Inc.",Firm,,
15369,"Milligan Land Company, LLC",,,
15370,Silver Creek Real Estate Company,,,
15374,LIVE MARKET ANALYTICS ,,,
15375,"Sagarra Phase I, LLC",Firm,,
15379,Homeowner,,,
15380,"Focus Engineering and Surveying, LLC",Firm,,
15381,VIS,,,
15382,"Bentz Fence Company, Inc.",Firm,,
15383,"BVA North Ranch, LLC",Firm,,
15384,BHEG Passero Ridge LLC,Firm,,
15385,ID Elemental LLC,Firm,,
15386,"O'Brady Development, LLC",Firm,,
15390,"Clear Creek Crossing Homeowners' Association, Inc.",Firm,,
15391,"Devonshire Homeowner's Association, Inc.",Firm,,
15392,"Ledgestone Homeowners' Association, Inc.",Firm,,
15393,"AMH Development Idaho GC TRS, LLC",Firm,,
15395,"River Structures Consulting, Inc.",Firm,,
15397,"Forth Land Surveying, Inc",Firm,,
15399,"Riverside Realty, INC.",Firm,,
15400,Alliance Management Partners Inc,,,
15401,"Bent Lane Development, LLC",Firm,,
15402,Forsgren Associates,,,
15403,Luu,,,
15409,J&J Property Development LLC,Firm,,
15410,Hunsaker Davis Properties LLC,Firm,,
15412,Noahsark 501(c)(3) Non-Profit,,,
15414,"Middleton Industrial Holdings, LLC",Firm,,
15415,Basalt Commercial Real Estate,,,
15416,"Teton Regional Land Trust, Inc. (The)",,,
15418,Apollo Plumbing Heating & Air Conditioning,Firm,,
15419,Boise Family Plumbing LLC,Firm,,
15424,Paradise Building Company,Firm,,
15429,"Shalc GC, Inc.",Firm,,
15431,"CW - Kuna, LLC",Firm,,
15433,Mustang 54 LLC,Firm,,
15434,"TNT Enterprises, LLC",,,
15436,"Providence Holdings, LLC",Firm,,
15439,Piedmont Project LLC,Firm,,
15441,Leidos,,,
15442,"Stonehill Church, Inc.",Firm,,
15445,Compass Bible Church Inc,,,
15447,"Skidmore, Owings & Merrill",,,
15449,Build Central,Firm,,
15450,"SEC Eagle, LLC",Firm,,
15451,"TH Lost River, LLC",Firm,,
15453,KCID,Firm,,
15454,KCID Development LLC,Firm,,
15456,"Best Investments, LLC",Firm,,
15457,Q2 LLC,Firm,,
15458,Spring Rock Development LLC,Firm,,
15459,"GeoTek, Inc.",,,
15461,"RB-AMS Eagle, LLC",Firm,,
15462,"Murphy Development Company Idaho, Inc.",,,
15463,"Lake Shore Drive Development, LLC",Firm,,
15465,Flex Space LLC,Firm,,
15466,Brown and Caldwell,,,
15468,Silvercreek,,,
15469,The Agency Boise,,,
15470,"Celebration Acres Apartments II, LLC",Firm,,
15471,Miller Nash LLP,,,
15472,"CivilSphere Engineering, PLLC",,,
15473,Alliance Title and Escrow,,,
15474,S1 LLC,,,
15475,"TB Development, LLC",,,
15476,WaFd Bank,,,
15477,SSM2 Company,Firm,,
15478,"SFI, LLC",,,
15479,Slice Ventures,,,
15480,"AG Essential Housing Multi State 2, LLC",Firm,,
15481,Premier Mortgage,,,
15482,MRW,,,
15484,Knife River S idaho,,,
15486,TerraMar Group,,,
15487,"Mikes Metal Fab, Inc.",,,
15488,Bionomics,,,
15490,Weston Real Estate and Consulting Services LLC,,,
15493,Parmentier Testing,,,
15494,Architect Susan Desko AIA,,,
15495,Amber Brown Real Estate LLC,,,
15496,Top Dog Plumbing,Firm,,
15497,El Monterrey Development LLC,Firm,,
15498,"2800 East Comstock Avenue, LLC",Firm,,
15499,"Autumn Leaf Apartments, LLC",Firm,,
15503,"Idaho Star Services, LLC",Firm,,
15504,Blue Spruce Land Company LLC,Firm,,
15505,We Three LLC,Firm,,
15510,"ELC Legal Services, CHTD.",Firm,,
15511,"Idaho Family Holdings, LLC",Firm,,
15512,"MSP Garden City BFR, LLC",Firm,,
15513,Tyler,,,
15515,Silberangel Real Estate,,,
15516,Mallisa Jackson Premier Realty LLC,,,
15523,"Freedom Academy, Inc.",,,
15525,"TERM Investments, LLC",Firm,,
15526,TBC Land Holding LLC,Firm,,
15527,Riverence Holdings LLC,,,
15528,Summer Edge LLC,,,
15531,NPA Almond LLC,Firm,,
15532,Gatsby Glass of Boise,,,
15533,Moule & Polyzoides Architects and Urbanists,,,
15534,BPS Nampa MC LLC,Firm,,
15535,"Treasure Valley Development, LLC",,,
15539,"Frontier Investments, LLC",Firm,,
15540,"B-B Investments, LLC",Firm,,
15541,Na,,,
15544,O'Bunco Engineering International PC,,,
15545,"Abmont Realty Group, Inc.",,,
15548,"Meadows Mobile Home Park, LLC",,,
15552,"Lovelace Kido Lakeside Venues, LLC",Firm,,
15561,"Provost & Pritchard Engineering Group, Inc.",,,
15565,"Marquis Development Group, LLC",Firm,,
15567,Walsworth & Associates,,,
15568,Bowles Precision Layout ,,,
15573,Boise Building Company of Idaho,Firm,,
15574,"CleverCraft Solutions, LLC",Firm,,
15577,Fortress Builders Inc.,Firm,,
15578,Fortney Electric LLC,Firm,,
15579,Fortis Building Co LLC,Firm,,
15580,"Frontier Heating & Air Conditioning, LLC",Firm,,
15581,G1 Holdings LLC,Firm,,
15582,"Golden Brook Properties, Inc.",Firm,,
15584,Greyhouse Design Co LLC,Firm,,
15585,"Hedgehog Electric, LLC",Firm,,
15587,HI Power Electric LLC,Firm,,
15589,Hillside Building Company LLC,Firm,,
15590,"Horn Building Company, LLC",Firm,,
15591,Joe Argon Real Estate Services LLC,Firm,,
15592,MC Fabrication & Excavation LLC.,Firm,,
15594,Mountain West Excavation LLC,Firm,,
15596,On Point Plumbing LLC,Firm,,
15597,"OVI General Contracting, LLC",Firm,,
15598,Paragon Excavation LLC,Firm,,
15600,Powerflow electric LLC,Firm,,
15602,Priority Plumbing,Firm,,
15603,Rebel Roofing LLC,Firm,,
15605,Rock Creek Electric LLC,Firm,,
15609,Harper Garden Design,,,
15614,Sorensen Developments LLC,,,
15620,Boise Land Pro,,,
15621,"Orton Engineering, LLC",,,
15626,MJPCRE,,,
15627,"SS Engineering, LLC",,,
15636,"HLE (formerly Harper-Leavitt Engineering, Inc.)",,,
15637,"Cornerstone Land Surveying, Inc.",,,
15645,Something eng,,,
15646,Square One Appraisal,,,
15649,Right Residential,,,
15652,Bluedot,,,
15654,Oxford Cityi,,,
15655,Self Employed,,,
15656,"Ravello Development, LLC",,,
15658,609 Consulting LLC,,,
15660,Upland Engineers,,,
15661,Dynamic duo,,,
15664,BPS,,,
15665,"609 Consulting, Inc",,,
15667,New View Real Estate,,,
15669,H2 Development,,,
15670,Idaho Innov8,,,
15673,gdsfdsf,,,
15674,Tina Richards Real Estate,,,
15676,Rand Wichman Planning,,,
15677,Colliers Valuation,,,
15678,LDK Ventures,,,
15680,L3 Valuation,,,
15684,Camber Services LLC,,,
15687,City of Harrison,,,
15688,Terramark Inc.,,,
15690,Idaho Power,,,
15691,US Forest Service,,,
15693,Verdant Lawn Care Service,,,
15694,City of Glendale,,,
15696,Magnifico Brothers LLC,,,
15698,TML SERVICE EXPERTS LLC,Firm,,
15702,Roundhouse,,,
15704,"Riviera Capital, Inc",,,
15706,Liquid Real Estate,,,
15709,NLS,,,
15711,Terra Firma ,,,
15712,Dawson Surveying P.C.,,,
15713,KukerRanken,,,
15714,DEA,,,
15716,Parametrix,,,
15717,Aggregate Consulting Services ,,,
15719,Stubblefield Development,,,
15720,The Mike Brown Group,,,
15722,JPAR Live Local,,,
15726,Tidal,,,
15727,Keller Williams,,,
15728,Berkeley Building,,,
15729,AgProfessionals,,,
15732,Bellaterra Landscape ,,,
15734,MacMaster Law,,,
15739,Kimmel Corporation,,,
15740,PRICE LOCKER INTERNATIONAL,,,
15741,Glahe & Associates,,,
15743,Spotlight Team RE/MAX Capital City,,,
15744,"Lumos & Associates, Inc.",,,
15754,Cash Flow Properties Idaho,,,
15755,"Milestone Contracting, LLC. ",,,
15763,Aspen Engineering,,,
15767,"Bailey Engineers, Inc.",,,
15768,Statewide Land Surveying LLC,,,
15769,Colliers,,,
15770,BCBC,,,
15771,Perigee,,,
15772,Savills North America,,,
15774,Accurate Surveying & Mapping,,,
15777,AG PROFESSIONALS NW,,,
15778,AG Professional NW,,,
15781,Hodgdon Group ,,,
15782,Statewide Land Surveying`,,,
15783,BHH,,,
15784,AFHC LLC,,,
15786,Sofro & Co,,,
15787,Idaho department of Transportation ,,,
15788,Maintenance Services LLC,Firm,,
15789,1 WITH NATURE LLC,Firm,,
15790,Personal,,,
15791,Statewide Land Surveying,,,
15792,Statewide Land Surveying Inc,,,
15793,"Ethridge Development, LLC",,,
15795,LPD Accurate Surveying,,,
15796,Krystal Sells Idaho,,,
15797,Bob Inc.,,,
15798,GF Development,,,
15799,Berkeley Building Co.,,,
15800,sixmile,,,
15804,Dew Real Estate Investments,,,
15805,OVO CAPITAL LLC,,,
15811,208Drafting LLC,,,
15812,All Pro Air,Firm,,
15813,ARMSTRONG Heating and Air-Conditioning LLC,Firm,,
15814,"ARTISAN PLUMBING, LLC",Firm,,
15816,Conservative Plumbing,Firm,,
15817,Zion Plumbing,Firm,,
15818,Zion Plumbing LLC,Firm,,
15819,PRINCIPLE PLUMBING LLC,Firm,,
15820,A & B EXCAVATION LLC,Firm,,
15821,First Pick Plumbing,Firm,,
15822,FIVE STAR SERVICE,Firm,,
15823,"FIVE STAR SERVICE PROS, LLC",Firm,,
15824,"Great Day Improvements, LLC",Firm,,
15825,"Qualified Plumbing, LLC",Firm,,
15826,Toll Excavation and Septic LLC,Firm,,
15827,Strongbow Plumbing LLC,Firm,,
15828,TRW Plumbing LLC,Firm,,
15829,MetalHead Mechanical LLC,Firm,,
15830,Mountain Top Services L.L.C.,Firm,,
15831,TREASURE VALLEY CONCRETE,Firm,,
15832,No Limit Plumbing LLC,Firm,,
15833,RSM PLUMBING,Firm,,
15834,RSM Plumbing LLC,Firm,,
15835,"Just Water Heaters, LLC",Firm,,
15836,"4149 State Street, LLC",,,
15837,Apex Electrical Service LLC,,,
15839,Avimor,,,
15840,"B & A Engineers, Inc.",,,
15841,"Bello Properties, LLC",,,
15842,"Broadbent Ventures, LLC",,,
15846,Corporation Service Company,,,
15847,Cotner Building Company,,,
15848,"DMB Development, LLC",,,
15849,"DT Investments, Inc.",,,
15850,Elumbaugh,,,
15852,Fieldcrest Village Holdings LLC,,,
15853,Foxglove LLC,,,
15854,Gary Douthit,,,
15855,Gary Schacher,,,
15856,Gary Wolverton Jr. ,,,
15857,George Cooper,,,
15858,Gerrie Wiese,,,
15859,Grant Kolnes,,,
15860,Greg Hall,,,
15861,"H.O.T. 1, LLLP",,,
15864,"Inspired Living Properties, L.L.C.",,,
15867,"LL & BL Properties, LLC",,,
15868,M3,,,
15869,M3 Companies,,,
15870,MDG LLC,,,
15871,"New Bre, LLC",,,
15872,"Notatek, L.L.C.",,,
15873,P & F Development LLC,,,
15875,"Porter Properties, LLC",,,
15877,Renard 1 LLC,,,
15878,"Rennison Engineering, PLLC",,,
15879,"Ronald W. Van Auker, Inc.",,,
15880,"Shiloh Management Services, Inc.",,,
15881,"The Sun Also Rises, LLC",,,
15882,Three Corners LLC,,,
15886,Wal-Mart,,,
15888, Relocate 208,,,
15889,208.properties realty group ,,,
15891,702 Commercial,,,
15892,ABC,,,
15893,Abmont Realty Group,,,
15894,ACHD,,,
15895,Ada County Development Services,,,
15896,AdvisoryCloud,,,
15897,AECOM,,,
15898,AFS Idaho,,,
15899,AG Land & Development ,,,
15900,Alliance Consulting,,,
15901,Alliance Management Partners,,,
15903,Alpine Enterprises Inc.,,,
15904,Alturas,,,
15905,Amber Brown Real Estate,,,
15906,ambit consulting,,,
15907,"Ambit Consulting, LLC",,,
15908,Ameritel Inns Inc.,,,
15911,Apex,,,
15913,Ardurra,,,
15914,"Ardurra (formerly T-O Engineers, Inc.)",,,
15915,Atova,,,
15916,Baron Properties,,,
15917,BAWCE,,,
15918,BCI,,,
15920,beatty steel,,,
15921,Bentak,,,
15924,BHR Group,,,
15926,blaine county appraisal,,,
15927,Blew & Associates,,,
15928,BLG Enterprises LLC,,,
15929,Boers Land Surveying and Mapping,,,
15930,Boise Land,,,
15932,Breaking Ground Real Estate Services,,,
15933,Bristlecone Land Use Consulting,,,
15934,Bunnell Realty LLC,,,
15935,Butte Fence,,,
15937,Catalyst Group at Silvercreek Realty,,,
15939,CCBS4U,,,
15940,CCE Design Associates,,,
15942,CivilScience,,,
15943,CivilSphere Engineering,,,
15944,Cnetury 21 Eagle Rock,,,
15945,Compass Bible Church,,,
15947,Copium Investments,,,
15948,Cornerstone Building & Design,,,
15950,Crow Bear Enterprises,,,
15952,Cushman Wakefield,,,
15953,"David Evans & Associates, Inc.",,,
15957,Derrick E McKrola Land Surveyor,,,
15958,Dewberry,,,
15959,Diamond Land Surveying,,,
15960,Dickerson Land Group,,,
15961,"Dioptra, LLC",,,
15962,DJ&A,,,
15964,DYP,,,
15965,Eagle Rock,,,
15966,Eagle Rock Engineering,,,
15967,"Eagle Rock Engineering & Land Surveying, P.C.",,,
15969,"EDC53,LLC",,,
15970,Elevate Academy Nampa,,,
15971,"Elevated Real Estate, LLC",,,
15972,Epic Land Solutions,,,
15974,eXp,,,
15975,eXp Realty,,,
15976,EXP Realty LLc.,,,
15978,"Frame & Smetana, P.A",,,
15979,Freedom Academy,,,
15980,Fromley,,,
15981,FS One Development,,,
15982,Fuzzy Pawz,,,
15984,"Galena Engineering, INC",,,
15985,Galena Opportunity Inc,,,
15986,"GeoTek, Inc",,,
15987,Good News Realty Group,,,
15988,Great Outdoors Landscape,,,
15989,Group One Sothebys,,,
15991,Guho Corp,,,
15992,H&L Real Estate Company,,,
15993,H2 Development Group ,,,
15994,"Harper Leavitt Engineering, Inc.",,,
15995,High Mountain Metal,,,
15997,Hines Law Office,,,
15998,HomeRiver Group,,,
15999,HomeRiver Realty,,,
16000,Hundoble,,,
16001,Idaho Commercial Appraisal,,,
16003,"Idaho Land Brokerage, LLC",,,
16004,Idaho Property Investing,,,
16005,Idaho Statesman,,,
16006,Idaho Survey Group,,,
16007,Idaho Transportation Dept,,,
16008,Inter Mountain plantigs,,,
16009,Intermountain Gas,,,
16010,Intermountain Plantings,,,
16011,Investing In Boise,,,
16012,Iron Clad Inspections ,,,
16013,J.R. Simplot Company,,,
16014,J1234,,,
16016,Jason Harmon Group One Sothebys,,,
16017,JD Planning & Consulting,,,
16018,"Jeffrey D. Block, P.E.",,,
16023,Johnson May,,,
16025,Jub Engineering,,,
16027,KB Home,,,
16030,KED Properties,,,
16031,Keller,,,
16033,Keller Williams Realty,,,
16034,Kelly Kitchens Realty,,,
16036,Kinterra Property Group,,,
16038,Knight Real Estate,,,
16039,Koerner Land Surveying,,,
16040,Land Development Partners LLC,,,
16041,"Land Group, Inc. The",,,
16043,Langston & Associates,,,
16044,Lemp Real Estate ,,,
16045,LeNir Ltd.,,,
16047,Leverage General,,,
16048,LHC Idaho,,,
16049,LHC LLC*,,,
16050,Little Rock Appraisals Inc,,,
16051,LKV Architects,,,
16052,Local Highway Technical Assistance Council (LHTAC),,,
16053,Magnify Land,,,
16054,Main Street Properties,,,
16055,Mallisa Jackson Premier Realty,,,
16056,"Marks Land Surveying, Inc.",,,
16057,Marmillion Development,,,
16059,Maxey Tookey Architects,,,
16061,McAlvain Companies,,,
16062,McColl Law Office PLLC,,,
16063,Meadow's Mobile Home Park llc.,,,
16064,Meridian Technical Charter High School,,,
16065,Merrick & Co,,,
16066,Method PMAP,,,
16068,Mike's Metal,,,
16069,Mike's Metal Fab. Inc,,,
16070,Millhorn Farms Inc,,,
16071,Minser Inc.,,,
16073,Mountain Life Ventures,,,
16074,Mountain Pacific Commercial Mortgage,,,
16075,"Mountain States Appraisal, LLC",,,
16076,Murphy Development Company,,,
16078,N and M,,,
16079,"NAI Select, LLC",,,
16080,Nasland Engineering,,,
16081,Nested Development,,,
16083,Non,,,
16084,none,,,
16085,North End Development,,,
16086,NRWRA,,,
16087,NV5,,,
16088,"NV5 (formerly WHPACIFIC, INC.)",,,
16089,NW Land Planning & Consulting,,,
16090,O'Bunco Engineering,,,
16091,Oxford City,,,
16093,"Perigee Consulting, LLC",,,
16094,Perkins Coie,,,
16095,Personal buisness,,,
16096,Peter Kappes,,,
16097,Pioneer Title,,,
16098,Pivots Plus LLC,,,
16099,Pontifex Capital,,,
16100,Portside Land Surveying LLC (3572557),,,
16101,Prestwick Capital,,,
16102,PRIMESTREET Real Estate,,,
16103,Private Landowner,,,
16104,Provost & Pritchard,,,
16107,"QRS Consulting, LLC.",,,
16109,"Quel Ranch, LLC",,,
16110,Rabo Agrifinance ,,,
16113,Rennison Companies Inc.,,,
16114,"Rennison Design, Inc.",,,
16115,Restored Community Church,,,
16116,RETIRED,,,
16118,Richmond,,,
16122,RORHRO Ventures,,,
16123,S1,,,
16124,Sawtooth Development Group,,,
16125,Sawtooth Law,,,
16126,"SCS Development, LLC",,,
16128,Silbernagel Real Estate,,,
16129,Silvercreek Real Estate Group ,,,
16130,Silvercreek Realty ,,,
16131,SimpLEE  Home,,,
16132,"SIX MILE ENGINEERING, PA",,,
16133,SJ Consulting,,,
16135,Sorensen Developments LLC.,,,
16136,South Beck & Baird Landscape Architecture,,,
16137,Springbok Development,,,
16138,Spud Dirt,,,
16140,Sterling Land Development,,,
16143,Sundance Land Surveys,,,
16144,Sweet Group Realty,,,
16145,Sweet Group Realty Group,,,
16146,SWR Enterprises,,,
16147,SynTier Engineering,,,
16149,TB Dev ,,,
16150,"TD&H Engineering, Idaho",,,
16152,Tegrity Hay,,,
16154,Terrace Falls Development,,,
16155,"Terramark, Inc.",,,
16157,Teton Regional Land Trust,,,
16159,The Agency,,,
16160,The DO Fund,,,
16161,The Hun Group,,,
16162,"The Land Group, Inc.",,,
16163,"The Merrell Group, LLC. ",,,
16164,Thompson Thrift,,,
16165,Timberland Development,,,
16166,TitleOne Corp,,,
16167,TNT Enterprises,,,
16170,TOK Commercial LLC,,,
16171,Touchmark,,,
16172,tra,,,
16173,Traditional Electric,,,
16175,Treasure Valley Development,,,
16176,Treasure Valley Gems (TEST ACCT),,,
16177,Tri-PeakRealty,,,
16178,Trial,,,
16179,Trigline,,,
16182,Tyler Pond ,,,
16183,Tyree Bauer & Baldner,,,
16184,Unemployed,,,
16185,Urness Industries ,,,
16186,Valley Land Surveying,,,
16187,Venture Title & Escrow,,,
16188,Victory Doors and Millwork,,,
16189,WaFd,,,
16190,Walsh Group LLC,,,
16191,Westbound Surveying,,,
16193,WESTERN IDAHO REALTY,,,
16194,Weston Real Estate,,,
16195,WheelHouzz Group,,,
16196,White Barn Real Estate,,,
16198,"Wohl Commercial Real Estate, Idaho",,,
16199,Wright Real Estate Services,,,
16200,x,,,
16202,Capstone Idaho LLC,,,
16206,"Juillerat Real Estate LLC, Idaho",,,
16208,Allwest Testing & Engineering,,,
16214,Independent,,,
16216,"Allen Land Surveying, PC",,,
16218,Keller Associates,,,
16220,Grouse Point Subdivision HOA,,,
16223,The Bruno Group LLC,,,
16227,Grandview,,,
16231,VIP Commercial LLC,,,
16232,Bobs Business,,,
16234,LPD ISG,,,
16235,LPD Trilogy,,,
16237,Land Trust of the Treasure Valley,,,
16239,Glenns Ferry Handyman,,,
16240,208 data tech,,,
16241,CEO,,,
16244,FOCUS,,,
16246,FOCUS Engineering & Surveying,,,
16247,SEM Consulting,,,
16249,JLHARADA REAL ESTATE LLC,,,
16250,Great West Engineering,,,
16251,CCG Legacy Group,,,
16252,Private,,,
16253,Clyde Capital Group,,,
16256,Todd Schwarz,,,
16257,A Grade Plumbing,Firm,,
16258,208 heating & air llc,Firm,,
16259,Abstract General Contracting LLC,Firm,,
16260,"Boise PLH, LLC",Firm,,
16262,Braun General of Idaho LLC,Firm,,
16263,Idahome Electric LLC,Firm,,
16273,"WALL TO WALL CONSTRUCTION, INC",Firm,,
16274,VERTICAL SUMMIT LLC,Firm,,
16279,LIVE WIRE CONSTRUCTION,Firm,,
16280,LIVE WIRE ELECTRIC & CONSTRUCTION L.L.C.,Firm,,
16281,LIVE WIRE ELECTRIC,Firm,,
16283,LIVE WIRE ELECTRIC L.L.C.,Firm,,
16285,LIVEWIRE ELECTRIC,Firm,,
16286,"LIVEWIRE ELECTRIC, INC.",Firm,,
16287,All County Roofing Inc.,Firm,,
16288,"CUPERTINO ELECTRIC, INC.",Firm,,
16290,HENSEL PHELPS CONSTRUCTION,Firm,,
16291,"Hensel Phelps Services, L.L.C.",Firm,,
16292,Copper River Investments LLC,Firm,,
16293,"Desert Ridge Investments, Inc.",Firm,,
16295,JR WALKER CONSTRUCTION,Firm,,
16298,SMITH CONSTRUCTION,Firm,,
16299,"SMITH CONSTRUCTION, INC.",Firm,,
16301,Saturn Five,,,
16302,Shoemaker Properties,,,
16304,LPD Forsgren Associates,,,
16305,Female,,,
16307,Sevens Group,,,
16309,Self,,,
16312,AMP,,,
16314,City of Saint Maries,,,
